kfc1, 5pc Bucket, food.jpg, 6.19, Its Finger Licking’ Good
kfc1, 10pc Bucket, food.jpg, 8.99, Its Finger Licking’ Good
kfc1, Ultimate Savings Bucket, food.jpg, 6.99, Its Finger Licking’ Good
kfc1, Mingles Bucket Meal, food.jpg, 4.79, Its Finger Licking’ Good
kfc1, KFC Favourites, food.jpg, 4.19, Its Finger Licking’ Good
kfc1, Chick & Share, food.jpg, 4.48, Its Finger Licking’ Good
kfc1, Classic Chicken Biriyani Bucket, food.jpg, 4.75, Its Finger Licking’ Good
kfc1, Veg Biriyani Bucket, food.jpg, 1.88, Its Finger Licking’ Good
kfc1, Chicken & Fries Bucket, food.jpg, 2.99, Its Finger Licking’ Good
kfc1, Veg Patty, food.jpg, 1.55, Its Finger Licking’ Good
pzht, Italian Classic, food.jpg, 2.99, No-one outpizzas the hut
pzht, Fresco, food.jpg, 3.59, No-one outpizzas the hut
pzht, Romano, food.jpg, 3.59, No-one outpizzas the hut
pzht, Chicken Americana, food.jpg, 4.19, No-one outpizzas the hut
pzht, Qattro, food.jpg, 4.79, No-one outpizzas the hut
pzht, Spanish Tomato Pasta, food.jpg, 1.99, No-one outpizzas the hut
pzht, Creamy Mediterranean Pasta, food.jpg, 2.29, No-one outpizzas the hut
pzht, Arrabbiata Pasta, food.jpg, 2.29, No-one outpizzas the hut
pzht, Cheesy Pepper Pasta, food.jpg, 2.29, No-one outpizzas the hut
pzht, Creamy Mushroom Pasta, food.jpg, 2.89, No-one outpizzas the hut
mcds, Triple Cheese American Veg Burger, food.jpg, 2.15, The ice-cream machine is faulty
mcds, McSpicy Premium Veg Burger, food.jpg, 2.31, The ice-cream machine is faulty
mcds, Triple Cheese American Chicken Burger, food.jpg, 2.41, The ice-cream machine is faulty
mcds, McSpicy Premium Chicken Burger, food.jpg, 2.49, The ice-cream machine is faulty
mcds, Big Spicy Chicken Wrap, food.jpg, 2.15, The ice-cream machine is faulty
mcds, Filet-O-Fish Burger, food.jpg, 1.70, The ice-cream machine is faulty
mcds, Hashbrowns, food.jpg, 0.49, The ice-cream machine is faulty
mcds, Double Cheese McMuffin, food.jpg, 0.90, The ice-cream machine is faulty
mcds, Choco Chip Muffin, food.jpg, 1.35, The ice-cream machine is faulty
mcds, Birthday Party Package, food.jpg, 20.55, The ice-cream machine is faulty
domi, 2 Garlic Breads, food.jpg, 1.98, We will die for your pizza
domi, Margherita, food.jpg, 2.39, We will die for your pizza
domi, Farmhouse, food.jpg, 4.59, We will die for your pizza 
domi, Peppy Paneer, food.jpg, 4.59, We will die for your pizza
domi, Veg Extravaganza, food.jpg, 5.49, We will die for your pizza
domi, Moroccan Spice Pizza Pasta, food.jpg, 3.29, We will die for your pizza
domi, The Four Cheese Pizza, food.jpg, 6.39, We will die for your pizza
domi, Roasted Chicken Wings Peri Peri, food.jpg, 1.69, We will die for your pizza
domi, Choco Lava Cake, food.jpg, 1.09, We will die for your pizza
domi, Chicken Parcel, food.jpg, 0.55, We will die for your pizza
strb, Velvet , food.jpg, 99.99, Hi Sahus
strb, Vanilla Latte , food.jpg, 99.99, Hi Sahus
strb, Hazelnut Latte , food.jpg, 99.99, Hi Sahus
strb, Caramel Latte , food.jpg, 99.99, Hi Sahus
strb, Cappuccino , food.jpg, 99.99, Hi Sahus
strb, Cocoa Cappuccino , food.jpg, 99.99, Hi Sahus
strb, Caramel Mocha , food.jpg, 99.99, Hi Sahus
strb, Caramel Macchiato , food.jpg, 99.99, Hi Sahus
strb, White Chocolate Mocha , food.jpg, 99.99, Hi Sahus
strb, Espresso , food.jpg, 99.99, Hi Sahus
chck, Quesadilla with Soy Cheese, food.jpg, 1.23, No Shoes No Shirt No Sheldon
chck, Shrimp Caesar Salad with No Almonds, food.jpg, 2.34, No Shoes No Shirt No Sheldon
chck, Meat Lovers’ Pizza with No Meat, food.jpg, 4.56, No Shoes No Shirt No Sheldon
chck, Barbecue Bacon Cheeseburger, food.jpg, 7.89, No Shoes No Shirt No Sheldon
chck, Little House Salad, food.jpg, 7.95, No Shoes No Shirt No Sheldon
chck, Korean Fried Cauliflower, food.jpg, 9.95, No Shoes No Shirt No Sheldon
chck, Avocado Eggrolls, food.jpg, 15.95, No Shoes No Shirt No Sheldon
chck, Fried Mac & Cheese, food.jpg, 15.95, No Shoes No Shirt No Sheldon
chck, French Dip Cheeseburger, food.jpg, 16.95, No Shoes No Shirt No Sheldon
chck, Chicken Parmesan Sandwich, food.jpg, 17.95, No Shoes No Shirt No Sheldon
chck, Thai Coconut Lime Chicken, food.jpg, 18.95, No Shoes No Shirt No Sheldon
chck, Fish & Chips, food.jpg, 21.95, No Shoes No Shirt No Sheldon
hpun, Butterbeer, food.jpg, 7.99, accio butterbeer!
hpun, Frozen Butterbeer, food.jpg, 7.99, accio butterbeer!
hpun, Hot Butterbeer, food.jpg, 7.99, accio butterbeer!
hpun, Pumpkin Juice, food.jpg, 7.99, accio butterbeer!
hpun, Draught Beer, food.jpg, 12.00, Served by Aberforth Dumbledore
hpun, Butterbeer Potted Cream, food.jpg, 5.99, accio butterbeer!
hpun, Butterbeer Ice Cream, food.jpg, 5.99, accio butterbeer!
cndm, Wonka Bar, food.jpg, 1.99, Made by oompa loompas
cndm, Everlasting Gobstoppers, food.jpg, 1.99, Made by oompa loompas
cndm, Fizzy Lifting Drinks, food.jpg, 1.99, Made by oompa loompas
cndm, Hair Toffee, food.jpg, 1.99, Made by oompa loompas
cndm, Lickable Wallpaper, food.jpg, 1.99, Made by oompa loompas
cndm, Wonka Gum, food.jpg, 1.99, Made by oompa loompas
cndm, Broccoli Millionaires, food.jpg, 1.99, Made by oompa loompas
tkks, Krabby Patty, food.jpg, 1.25, Made by Spongebob
tkks, Krabby Meal, food.jpg, 3.50, Made by Spongebob
tkks, Salty Sea Dog, food.jpg, 1.25, Made by Spongebob
tkks, Sailors Surprise, food.jpg, 3.00, Made by Spongebob
ppts, Pizza, food.jpg, 9.99, Toy Story 4
sdcm, Chicken Whopper, food.jpg, 1.99, Eat with a king!
sdcm, Veg Whopper, food.jpg, 1.69, Eat with a king!
sdcm, Mutton Whopper, food.jpg, 2.99, Eat with a king!
sdcm, Hot N Cheesy, food.jpg, 1.99, Eat with a king!
sdcm, Fries, food.jpg, 1.09, Eat with a king!
